app_exec_id,file_id
blast-run001-280500412:fastasplitn-1nqfnc5m,quaternion.local:testeDB:3472386:1418414895.0
blast-run001-280500412:formatdb-3nqfnc5m,quaternion.local:frag002:431845:1425321312.0
blast-run001-280500412:formatdb-2nqfnc5m,quaternion.local:frag001:454231:1425321312.0
blast-run001-280500412:formatdb-4nqfnc5m,quaternion.local:frag003:432596:1425321312.0
blast-run001-280500412:formatdb-7nqfnc5m,quaternion.local:frag005:424394:1425321312.0
blast-run001-280500412:formatdb-5nqfnc5m,quaternion.local:frag004:440420:1425321312.0
blast-run001-280500412:formatdb-9nqfnc5m,quaternion.local:frag008:429560:1425321312.0
blast-run001-280500412:formatdb-8nqfnc5m,quaternion.local:frag007:429381:1425321312.0
blast-run001-280500412:formatdb-6nqfnc5m,quaternion.local:frag006:429959:1425321312.0
blast-run001-280500412:blastall-anqfnc5m,quaternion.local:frag002:431845:1425321312.0
blast-run001-280500412:blastall-anqfnc5m,quaternion.local:sequencia.seq:1516:1418414837.0
blast-run001-280500412:blastall-anqfnc5m,quaternion.local:frag002.pin:6112:1425321312.0
blast-run001-280500412:blastall-anqfnc5m,quaternion.local:frag002.phr:124428:1425321312.0
blast-run001-280500412:blastall-anqfnc5m,quaternion.local:frag002.psq:350164:1425321312.0
blast-run001-280500412:blastall-bnqfnc5m,quaternion.local:frag001.phr:127015:1425321312.0
blast-run001-280500412:blastall-bnqfnc5m,quaternion.local:sequencia.seq:1516:1418414837.0
blast-run001-280500412:blastall-bnqfnc5m,quaternion.local:frag001:454231:1425321312.0
blast-run001-280500412:blastall-bnqfnc5m,quaternion.local:frag001.psq:369768:1425321312.0
blast-run001-280500412:blastall-bnqfnc5m,quaternion.local:frag001.pin:6112:1425321312.0
blast-run001-280500412:blastall-cnqfnc5m,quaternion.local:sequencia.seq:1516:1418414837.0
blast-run001-280500412:blastall-cnqfnc5m,quaternion.local:frag005.psq:341243:1425321312.0
blast-run001-280500412:blastall-cnqfnc5m,quaternion.local:frag005.pin:6112:1425321312.0
blast-run001-280500412:blastall-cnqfnc5m,quaternion.local:frag005.phr:126062:1425321312.0
blast-run001-280500412:blastall-cnqfnc5m,quaternion.local:frag005:424394:1425321312.0
blast-run001-280500412:blastall-dnqfnc5m,quaternion.local:sequencia.seq:1516:1418414837.0
blast-run001-280500412:blastall-dnqfnc5m,quaternion.local:frag003:432596:1425321312.0
blast-run001-280500412:blastall-dnqfnc5m,quaternion.local:frag003.pin:6112:1425321312.0
blast-run001-280500412:blastall-dnqfnc5m,quaternion.local:frag003.phr:124434:1425321312.0
blast-run001-280500412:blastall-dnqfnc5m,quaternion.local:frag003.psq:350956:1425321312.0
blast-run001-280500412:blastall-enqfnc5m,quaternion.local:frag004.psq:358904:1425321312.0
blast-run001-280500412:blastall-enqfnc5m,quaternion.local:sequencia.seq:1516:1418414837.0
blast-run001-280500412:blastall-enqfnc5m,quaternion.local:frag004.pin:6112:1425321312.0
blast-run001-280500412:blastall-enqfnc5m,quaternion.local:frag004.phr:124170:1425321312.0
blast-run001-280500412:blastall-enqfnc5m,quaternion.local:frag004:440420:1425321312.0
blast-run001-280500412:blastall-fnqfnc5m,quaternion.local:sequencia.seq:1516:1418414837.0
blast-run001-280500412:blastall-fnqfnc5m,quaternion.local:frag008.pin:6104:1425321312.0
blast-run001-280500412:blastall-fnqfnc5m,quaternion.local:frag008.psq:346630:1425321312.0
blast-run001-280500412:blastall-fnqfnc5m,quaternion.local:frag008.phr:125676:1425321312.0
blast-run001-280500412:blastall-fnqfnc5m,quaternion.local:frag008:429560:1425321312.0
blast-run001-280500412:blastall-gnqfnc5m,quaternion.local:frag006.phr:125704:1425321312.0
blast-run001-280500412:blastall-gnqfnc5m,quaternion.local:sequencia.seq:1516:1418414837.0
blast-run001-280500412:blastall-gnqfnc5m,quaternion.local:frag006.pin:6104:1425321312.0
blast-run001-280500412:blastall-gnqfnc5m,quaternion.local:frag006.psq:347025:1425321312.0
blast-run001-280500412:blastall-gnqfnc5m,quaternion.local:frag006:429959:1425321312.0
blast-run001-280500412:blastall-hnqfnc5m,quaternion.local:sequencia.seq:1516:1418414837.0
blast-run001-280500412:blastall-hnqfnc5m,quaternion.local:frag007.pin:6104:1425321312.0
blast-run001-280500412:blastall-hnqfnc5m,quaternion.local:frag007.phr:126335:1425321312.0
blast-run001-280500412:blastall-hnqfnc5m,quaternion.local:frag007:429381:1425321312.0
blast-run001-280500412:blastall-hnqfnc5m,quaternion.local:frag007.psq:345846:1425321312.0
blast-run001-280500412:blastmerge-inqfnc5m,quaternion.local:frag006.html:9141:1425321313.0
blast-run001-280500412:blastmerge-inqfnc5m,quaternion.local:frag008.html:9142:1425321313.0
blast-run001-280500412:blastmerge-inqfnc5m,quaternion.local:frag004.html:9145:1425321313.0
blast-run001-280500412:blastmerge-inqfnc5m,quaternion.local:frag001.html:9140:1425321313.0
blast-run001-280500412:blastmerge-inqfnc5m,quaternion.local:frag003.html:9141:1425321313.0
blast-run001-280500412:blastmerge-inqfnc5m,quaternion.local:frag002.html:9142:1425321313.0
blast-run001-280500412:blastmerge-inqfnc5m,quaternion.local:frag005.html:9144:1425321313.0
blast-run001-280500412:blastmerge-inqfnc5m,quaternion.local:frag007.html:9142:1425321313.0
p6-run004-3202563945:simulate-q5i5ic9m,quaternion.local::374:1432666439.0
p6-run004-3202563945:simulate-n5i5ic9m,quaternion.local::374:1432666439.0
p6-run004-3202563945:simulate-r5i5ic9m,quaternion.local::374:1432666439.0
p6-run004-3202563945:simulate-s5i5ic9m,quaternion.local::374:1432666439.0
p6-run004-3202563945:simulate-t5i5ic9m,quaternion.local::374:1432666439.0
p6-run004-3202563945:simulate-u5i5ic9m,quaternion.local::374:1432666439.0
p6-run004-3202563945:simulate-p5i5ic9m,quaternion.local::374:1432666439.0
p6-run004-3202563945:simulate-o5i5ic9m,quaternion.local::374:1432666439.0
p6-run004-3202563945:simulate-v5i5ic9m,quaternion.local::374:1432666439.0
p6-run004-3202563945:simulate-x5i5ic9m,quaternion.local::374:1432666439.0
p6-run004-3202563945:simulate-y5i5ic9m,quaternion.local::374:1432666439.0
p6-run004-3202563945:simulate-z5i5ic9m,quaternion.local:output/seed.dat:9:1432666432.0
p6-run004-3202563945:simulate-z5i5ic9m,quaternion.local:output/bias_7.dat:180:1432666432.0
p6-run004-3202563945:simulate-06i5ic9m,quaternion.local:output/seed.dat:9:1432666432.0
p6-run004-3202563945:simulate-06i5ic9m,quaternion.local:output/bias_3.dat:180:1432666432.0
p6-run004-3202563945:simulate-16i5ic9m,quaternion.local:output/seed.dat:9:1432666432.0
p6-run004-3202563945:simulate-16i5ic9m,quaternion.local:output/bias_8.dat:180:1432666432.0
p6-run004-3202563945:simulate-26i5ic9m,quaternion.local:output/bias_9.dat:180:1432666432.0
p6-run004-3202563945:simulate-26i5ic9m,quaternion.local:output/seed.dat:9:1432666432.0
p6-run004-3202563945:simulate-36i5ic9m,quaternion.local:output/seed.dat:9:1432666432.0
p6-run004-3202563945:simulate-36i5ic9m,quaternion.local:output/bias_2.dat:180:1432666432.0
p6-run004-3202563945:simulate-46i5ic9m,quaternion.local:output/seed.dat:9:1432666432.0
p6-run004-3202563945:simulate-46i5ic9m,quaternion.local:output/bias_0.dat:180:1432666432.0
p6-run004-3202563945:simulate-56i5ic9m,quaternion.local:output/seed.dat:9:1432666432.0
p6-run004-3202563945:simulate-56i5ic9m,quaternion.local:output/bias_1.dat:180:1432666432.0
p6-run004-3202563945:simulate-66i5ic9m,quaternion.local:output/seed.dat:9:1432666432.0
p6-run004-3202563945:simulate-66i5ic9m,quaternion.local:output/bias_6.dat:180:1432666433.0
p6-run004-3202563945:simulate-76i5ic9m,quaternion.local:output/seed.dat:9:1432666432.0
p6-run004-3202563945:simulate-76i5ic9m,quaternion.local:output/bias_5.dat:180:1432666433.0
p6-run004-3202563945:simulate-86i5ic9m,quaternion.local:output/seed.dat:9:1432666432.0
p6-run004-3202563945:simulate-86i5ic9m,quaternion.local:output/bias_4.dat:180:1432666433.0
p6-run004-3202563945:stats-96i5ic9m,quaternion.local:_concurrent/sims-40-R/[0]:0:0
p6-run004-3202563945:stats-96i5ic9m,quaternion.local:_concurrent/sims-40-R/[1]:0:0
p6-run004-3202563945:stats-96i5ic9m,quaternion.local:_concurrent/sims-40-R/[9]:0:0
p6-run004-3202563945:stats-96i5ic9m,quaternion.local:_concurrent/sims-40-R/[8]:0:0
p6-run004-3202563945:stats-96i5ic9m,quaternion.local:_concurrent/sims-40-R/[4]:0:0
p6-run004-3202563945:stats-96i5ic9m,quaternion.local:_concurrent/sims-40-R/[6]:0:0
p6-run004-3202563945:stats-96i5ic9m,quaternion.local:_concurrent/sims-40-R/[3]:0:0
p6-run004-3202563945:stats-96i5ic9m,quaternion.local:_concurrent/sims-40-R/[7]:0:0
p6-run004-3202563945:stats-96i5ic9m,quaternion.local:_concurrent/sims-40-R/[2]:0:0
p6-run004-3202563945:stats-96i5ic9m,quaternion.local:_concurrent/sims-40-R/[5]:0:0
